,frequent_itemset,support
0,"('1liv', '2pop')",11.12231182795699
1,"('1liv', '1pop')",10.665322580645162
2,"('1liv', '2dan')",10.221774193548388
3,"('1liv', '2aco')",13.951612903225808
4,"('1liv', '1dan')",11.59274193548387
5,"('1liv', '2ins')",11.76747311827957
6,"('1liv', '1dur')",10.73252688172043
7,"('1liv', '1tem')",10.369623655913978
8,"('1liv', '0lou')",12.65456989247312
9,"('1liv', '2tem')",10.30241935483871
10,"('1liv', '1lou')",11.182795698924732
11,"('1liv', '0tem')",12.150537634408602
12,"('1liv', '1spe')",10.34274193548387
13,"('1liv', '0dur')",12.170698924731182
14,"('1liv', '0ins')",11.155913978494624
15,"('1liv', '1val')",11.740591397849462
16,"('1liv', '0spe')",12.896505376344086
17,"('1liv', '0val')",11.814516129032258
18,"('1liv', '1aco')",10.349462365591398
19,"('1liv', '0dan')",11.008064516129032
20,"('1liv', '0pop')",11.03494623655914
21,"('2pop', '2dan')",11.189516129032258
22,"('2pop', '2liv')",10.651881720430108
23,"('2pop', '2val')",10.92741935483871
24,"('2pop', '2aco')",12.701612903225806
25,"('2pop', '1dan')",11.720430107526882
26,"('2pop', '1ins')",10.053763440860216
27,"('2pop', '1dur')",12.110215053763442
28,"('2pop', '1tem')",10.651881720430108
29,"('2pop', '0lou')",10.026881720430108
30,"('2pop', '2lou')",10.940860215053764
31,"('2pop', '2tem')",11.115591397849462
32,"('2pop', '1lou')",11.975806451612902
33,"('2pop', '0tem')",11.176075268817204
34,"('2pop', '1spe')",11.021505376344086
35,"('2pop', '0dur')",10.893817204301074
36,"('2pop', '0ins')",16.13575268817204
37,"('2pop', '1val')",11.538978494623656
38,"('2pop', '0spe')",13.655913978494624
39,"('2pop', '0val')",10.477150537634408
40,"('2pop', '1aco')",12.345430107526882
41,"('2pop', '0dan')",10.033602150537636
42,"('2pop', '0liv')",11.169354838709678
43,"('1pop', '2liv')",12.3252688172043
44,"('1pop', '2val')",12.84274193548387
45,"('1pop', '2spe')",11.96236559139785
46,"('1pop', '2aco')",11.061827956989246
47,"('1pop', '1dan')",12.137096774193548
48,"('1pop', '1ins')",12.318548387096774
49,"('1pop', '1dur')",11.875
50,"('1pop', '1tem')",10.275537634408602
51,"('1pop', '0lou')",10.094086021505376
52,"('1pop', '2lou')",11.827956989247312
53,"('1pop', '2tem')",11.700268817204302
54,"('1pop', '0aco')",10.846774193548388
55,"('1pop', '1lou')",11.095430107526882
56,"('1pop', '0tem')",11.041666666666666
57,"('1pop', '0dur')",12.043010752688172
58,"('1pop', '0ins')",11.46505376344086
59,"('1pop', '1val')",11.129032258064516
60,"('1pop', '0spe')",11.35752688172043
61,"('1pop', '1aco')",11.108870967741936
62,"('1pop', '0dan')",11.149193548387098
63,"('1pop', '0liv')",10.026881720430108
64,"('2dan', '2val')",17.788978494623656
65,"('2dan', '2spe')",13.051075268817206
66,"('2dan', '1ins')",10.241935483870968
67,"('2dan', '2ins')",11.518817204301076
68,"('2dan', '1tem')",16.176075268817204
69,"('2dan', '2lou')",10.719086021505376
70,"('2dan', '2dur')",10.161290322580644
71,"('2dan', '0aco')",10.64516129032258
72,"('2dan', '1lou')",12.762096774193548
73,"('2dan', '0tem')",10.181451612903226
74,"('2dan', '1spe')",12.311827956989248
75,"('2dan', '0dur')",13.225806451612904
76,"('2dan', '0ins')",11.498655913978496
77,"('2dan', '1val')",10.564516129032258
78,"('2dan', '1aco')",14.012096774193546
79,"('2dan', '0liv')",14.905913978494622
80,"('2dan', '0pop')",12.338709677419354
81,"('2liv', '2val')",12.291666666666666
82,"('2liv', '2spe')",13.306451612903224
83,"('2liv', '1dan')",11.895161290322582
84,"('2liv', '1ins')",12.26478494623656
85,"('2liv', '1dur')",11.908602150537634
86,"('2liv', '1tem')",10.235215053763442
87,"('2liv', '2lou')",14.381720430107528
88,"('2liv', '2tem')",12.573924731182796
89,"('2liv', '2dur')",10.43010752688172
90,"('2liv', '0aco')",12.883064516129034
91,"('2liv', '1lou')",10.490591397849462
92,"('2liv', '0tem')",10.456989247311828
93,"('2liv', '1spe')",10.396505376344086
94,"('2liv', '0dur')",10.92741935483871
95,"('2liv', '0ins')",12.708333333333332
96,"('2liv', '1val')",10.530913978494624
97,"('2liv', '0val')",10.443548387096774
98,"('2liv', '1aco')",11.948924731182796
99,"('2liv', '0dan')",13.239247311827956
100,"('2liv', '0pop')",10.288978494623656
101,"('2val', '2spe')",11.451612903225806
102,"('2val', '1dan')",12.063172043010754
103,"('2val', '1ins')",11.935483870967742
104,"('2val', '1dur')",12.39247311827957
105,"('2val', '1tem')",12.520161290322582
106,"('2val', '2lou')",14.401881720430106
107,"('2val', '2tem')",11.471774193548386
108,"('2val', '1lou')",11.989247311827956
109,"('2val', '1spe')",11.538978494623656
110,"('2val', '0dur')",12.977150537634408
111,"('2val', '0ins')",15.067204301075268
112,"('2val', '0spe')",10.28225806451613
113,"('2val', '1aco')",14.905913978494622
114,"('2val', '0liv')",11.713709677419356
115,"('2spe', '1ins')",11.48521505376344
116,"('2spe', '1dur')",10.40994623655914
117,"('2spe', '2lou')",15.154569892473118
118,"('2spe', '2tem')",13.071236559139784
119,"('2spe', '0aco')",13.286290322580646
120,"('2spe', '1lou')",10.504032258064516
121,"('2spe', '0tem')",11.55241935483871
122,"('2spe', '0dur')",12.93010752688172
123,"('2spe', '0ins')",12.237903225806452
124,"('2spe', '1val')",11.98252688172043
125,"('2spe', '1aco')",12.84274193548387
126,"('2spe', '0dan')",10.383064516129032
127,"('2spe', '0liv')",10.403225806451614
128,"('2spe', '0pop')",13.064516129032258
129,"('2aco', '1dan')",10.913978494623656
130,"('2aco', '2ins', '0lou')",10.651881720430108
131,"('2aco', '0lou', '0tem')",10.181451612903226
132,"('2aco', '0lou', '0dur')",10.255376344086022
133,"('2aco', '0lou', '0val')",10.873655913978494
134,"('2aco', '0lou', '0dan')",10.853494623655914
135,"('2aco', '1spe')",10.120967741935484
136,"('2aco', '0ins')",12.345430107526882
137,"('2aco', '1val')",10.698924731182796
138,"('2aco', '0spe')",16.008064516129032
139,"('2aco', '0liv')",10.907258064516128
140,"('1dan', '1ins')",12.28494623655914
141,"('1dan', '1dur')",13.19220430107527
142,"('1dan', '1tem')",10.450268817204302
143,"('1dan', '2lou')",12.909946236559138
144,"('1dan', '2tem')",12.506720430107526
145,"('1dan', '2dur')",10.08736559139785
146,"('1dan', '0aco')",10.793010752688172
147,"('1dan', '1lou')",11.868279569892474
148,"('1dan', '0tem')",10.356182795698924
149,"('1dan', '0dur')",10.033602150537636
150,"('1dan', '0ins')",13.655913978494624
151,"('1dan', '1val')",13.561827956989248
152,"('1dan', '0spe')",13.588709677419356
153,"('1dan', '1aco')",11.606182795698924
154,"('1ins', '1dur')",12.768817204301076
155,"('1ins', '1tem')",11.155913978494624
156,"('1ins', '2lou')",12.755376344086022
157,"('1ins', '2tem')",12.143817204301076
158,"('1ins', '2dur')",11.364247311827958
159,"('1ins', '0aco')",14.086021505376344
160,"('1ins', '1lou')",11.545698924731184
161,"('1ins', '0tem')",10.02016129032258
162,"('1ins', '1spe')",10.34274193548387
163,"('1ins', '1val')",11.834677419354838
164,"('1ins', '0spe')",11.491935483870968
165,"('1ins', '1aco')",10.450268817204302
166,"('1ins', '0dan')",10.793010752688172
167,"('1ins', '0liv')",11.155913978494624
168,"('1ins', '0pop')",10.94758064516129
169,"('2ins', '1tem')",12.419354838709678
170,"('2ins', '0lou', '0val')",11.76747311827957
171,"('2ins', '2dur')",14.274193548387096
172,"('2ins', '0aco')",13.870967741935484
173,"('2ins', '0tem')",11.653225806451612
174,"('2ins', '1spe')",14.758064516129032
175,"('2ins', '0dur')",12.533602150537634
176,"('2ins', '0val', '0dan')",11.733870967741936
177,"('2ins', '0liv')",13.266129032258064
178,"('2ins', '0pop')",17.338709677419356
179,"('1dur', '1tem')",10.571236559139784
180,"('1dur', '2lou')",13.736559139784946
181,"('1dur', '2tem')",11.98252688172043
182,"('1dur', '0aco')",11.478494623655914
183,"('1dur', '1lou')",11.418010752688172
184,"('1dur', '0tem')",10.772849462365592
185,"('1dur', '1spe')",10.463709677419354
186,"('1dur', '0ins')",14.038978494623656
187,"('1dur', '1val')",12.211021505376344
188,"('1dur', '0spe')",12.452956989247312
189,"('1dur', '1aco')",11.85483870967742
190,"('1dur', '0dan')",10.262096774193548
191,"('1dur', '0liv')",10.685483870967742
192,"('1tem', '0lou')",10.880376344086022
193,"('1tem', '2lou')",10.235215053763442
194,"('1tem', '2dur')",14.287634408602152
195,"('1tem', '0aco')",14.045698924731182
196,"('1tem', '1lou')",12.211021505376344
197,"('1tem', '1spe')",12.641129032258064
198,"('1tem', '1val')",10.692204301075268
199,"('1tem', '0spe')",12.016129032258064
200,"('1tem', '0val')",10.114247311827956
201,"('1tem', '1aco')",10.564516129032258
202,"('1tem', '0liv')",12.721774193548388
203,"('1tem', '0pop')",12.399193548387096
204,"('0lou', '2dur')",10.974462365591398
205,"('0lou', '1spe')",12.513440860215052
206,"('0lou', '0spe')",13.185483870967744
207,"('0lou', '0val', '0dan')",11.673387096774194
208,"('0lou', '0liv')",12.28494623655914
209,"('0lou', '0pop')",13.212365591397848
210,"('2lou', '2tem')",14.583333333333334
211,"('2lou', '0aco')",16.108870967741936
212,"('2lou', '1spe')",10.75268817204301
213,"('2lou', '0ins')",15.309139784946236
214,"('2lou', '1val')",11.65994623655914
215,"('2lou', '1aco')",12.909946236559138
216,"('2lou', '0pop')",10.564516129032258
217,"('2tem', '2dur')",10.64516129032258
218,"('2tem', '0aco')",12.634408602150538
219,"('2tem', '1lou')",10.618279569892474
220,"('2tem', '1spe')",10.745967741935484
221,"('2tem', '0dur')",10.705645161290322
222,"('2tem', '0ins')",11.935483870967742
223,"('2tem', '1val')",11.505376344086022
224,"('2tem', '0val')",10.356182795698924
225,"('2tem', '1aco')",11.391129032258064
226,"('2tem', '0dan')",13.9247311827957
227,"('2tem', '0liv')",10.456989247311828
228,"('2tem', '0pop')",10.51747311827957
229,"('2dur', '0aco')",15.678763440860216
230,"('2dur', '1lou')",12.493279569892474
231,"('2dur', '1spe')",12.02284946236559
232,"('2dur', '1val')",10.893817204301074
233,"('2dur', '0spe')",11.35752688172043
234,"('2dur', '0val')",14.536290322580644
235,"('2dur', '0dan')",13.08467741935484
236,"('2dur', '0liv')",12.983870967741936
237,"('2dur', '0pop')",14.294354838709678
238,"('0aco', '1lou')",11.646505376344086
239,"('0aco', '1spe')",13.38037634408602
240,"('0aco', '1val')",12.02284946236559
241,"('0aco', '0val')",12.271505376344086
242,"('0aco', '0dan')",11.895161290322582
243,"('0aco', '0liv')",11.928763440860216
244,"('0aco', '0pop')",14.59005376344086
245,"('1lou', '0tem')",10.504032258064516
246,"('1lou', '1spe')",10.073924731182796
247,"('1lou', '0ins')",12.365591397849462
248,"('1lou', '1val')",12.06989247311828
249,"('1lou', '0spe')",12.755376344086022
250,"('1lou', '1aco')",12.594086021505376
251,"('1lou', '0liv')",11.65994623655914
252,"('1lou', '0pop')",10.262096774193548
253,"('0tem', '0dur')",14.166666666666666
254,"('0tem', '0ins')",11.666666666666666
255,"('0tem', '1val')",11.162634408602152
256,"('0tem', '0spe')",11.834677419354838
257,"('0tem', '0val')",12.896505376344086
258,"('0tem', '1aco')",11.418010752688172
259,"('0tem', '0dan')",12.80241935483871
260,"('0tem', '0liv')",10.73252688172043
261,"('0tem', '0pop')",11.12231182795699
262,"('1spe', '0dur')",10.853494623655914
263,"('1spe', '0val')",11.841397849462364
264,"('1spe', '0dan')",11.162634408602152
265,"('1spe', '0liv')",12.600806451612904
266,"('1spe', '0pop')",12.620967741935484
267,"('0dur', '0ins')",11.619623655913978
268,"('0dur', '1val')",10.255376344086022
269,"('0dur', '0val')",10.10752688172043
270,"('0dur', '1aco')",11.599462365591398
271,"('0dur', '0dan')",10.080645161290322
272,"('0dur', '0liv')",10.241935483870968
273,"('0dur', '0pop')",10.403225806451614
274,"('0ins', '1val')",12.634408602150538
275,"('0ins', '0spe')",12.876344086021504
276,"('0ins', '1aco')",15.631720430107526
277,"('1val', '0spe')",11.418010752688172
278,"('1val', '1aco')",10.638440860215054
279,"('1val', '0liv')",11.088709677419354
280,"('1val', '0pop')",10.692204301075268
281,"('0spe', '0val')",11.666666666666666
282,"('0spe', '1aco')",10.692204301075268
283,"('0spe', '0dan')",11.881720430107528
284,"('0spe', '0liv')",10.907258064516128
285,"('0val', '0liv')",11.108870967741936
286,"('0val', '0pop')",13.844086021505376
287,"('1aco', '0liv')",11.0752688172043
288,"('0dan', '0pop')",12.24462365591398
289,"('0liv', '0pop')",12.715053763440858
